,date,fit top 1,fit top 2,fit top 3,fit2 top 1,fit2 top 2,fit2 top 3,fit3 top 1,fit3 top 2,fit3 top 3
0,07-10-2012,6.464020283,14.91837237,12.85270016,6.676299032,21.96756243,17.5605865,6.81402845,19.34860404,16.6914332
1,14-10-2012,6.405044123,14.87945934,13.46060476,6.553468846,20.42894302,17.58443288,6.678459533,18.14966475,16.86440213
2,21-10-2012,5.59488039,12.76639749,12.50080925,5.685903713,17.53392506,16.28738127,5.801918617,15.62142878,15.67293034
3,28-10-2012,4.556117554,9.883558423,11.04088237,4.598338596,14.47861243,14.66706426,4.706191904,13.02032465,14.12837844
4,04-11-2012,4.203192866,8.345087913,10.55308227,4.200977513,12.89453225,14.02939501,4.297650087,11.97042806,13.56690836
5,11-11-2012,4.907367605,8.923719899,11.37459852,4.859143596,13.23082531,14.62117461,4.941463612,12.87198928,14.25460979
6,18-11-2012,6.035310562,10.469797,12.44027562,5.938587619,14.43089729,15.42459147,6.00666788,14.64232214,15.17121538
7,25-11-2012,6.568955036,11.27312658,12.45048861,6.425567054,15.05786393,15.23287798,6.481906342,15.87880251,15.09719997
8,02-12-2012,6.166445885,10.64642615,11.16661778,5.980955527,14.49743171,13.82636804,6.026817859,16.03850351,13.80609391
9,09-12-2012,5.477105998,9.139947289,9.545314645,5.250436686,13.04789021,12.09578963,5.284335039,14.27396483,12.1914294
10,16-12-2012,5.372398745,7.622781068,8.740487313,5.100110924,11.44957976,11.13382047,5.120079483,12.5218104,11.35011746
11,23-12-2012,6.000235218,6.571842593,9.101628332,5.67984709,10.23837094,11.30201063,5.686157255,11.27511472,11.64256561
12,30-12-2012,6.724441359,6.166742334,10.096861,6.36373509,9.809581219,12.12365247,6.358397374,10.88195618,12.5875326
13,06-01-2013,6.922303814,6.551146416,11.01355486,6.536682948,10.40837527,12.9072222,6.520569233,11.56018616,13.49113212
14,13-01-2013,6.631211595,7.633329923,11.58704483,6.230039909,11.83256681,13.35277363,6.201555433,13.1005569,14.05472922
15,20-01-2013,6.326543307,8.825959947,12.00405943,5.903345813,13.35386156,13.60901398,5.860242156,14.77911275,14.43004493
16,27-01-2013,6.237023226,9.462465056,12.49122673,5.777553382,14.3379243,13.91468651,5.719117397,15.9726516,14.86066578
17,03-02-2013,6.122609387,9.637155576,13.04005442,5.626271855,15.04198529,14.30732694,5.552784057,16.95190592,15.39313742
18,10-02-2013,5.748760072,10.31762102,13.50306549,5.242866055,14.92429711,14.46369022,5.172865174,16.56552977,15.39093656
19,17-02-2013,5.343736854,12.26879567,13.83249196,4.873460672,16.19339712,14.50348471,4.804024147,17.61955591,15.3031105
20,24-02-2013,5.366191619,14.93705446,14.14905806,4.969651762,18.1039257,14.50913099,4.898251952,19.33838091,15.20305225
21,03-03-2013,5.864838919,16.80211649,14.6007044,5.554988603,19.09749307,14.62784452,5.481184625,20.14317606,15.21929266
22,10-03-2013,6.305504066,17.04682381,15.20764636,6.074226768,18.48361908,14.91072004,5.99779959,19.34975098,15.38860056
23,17-03-2013,6.167582426,16.63347863,15.85783025,6.004093379,17.32803463,15.26210988,5.921861759,18.04383242,15.61517529
24,24-03-2013,5.595325595,17.34411947,16.43330716,5.498474119,17.35599226,15.54425788,5.405113034,17.94973441,15.77040658
25,31-03-2013,5.258555025,19.71990258,16.93325111,5.232799361,18.97362496,15.73054881,5.126822974,19.43095812,15.83272641
26,07-04-2013,5.54456848,22.2909356,17.48082359,5.588982452,20.67568548,15.95071666,5.477857508,21.0995951,15.92685183
27,14-04-2013,6.061078634,23.11457957,18.19766101,6.16575059,20.62025493,16.3585579,6.063937905,20.88223578,16.19948655
28,21-04-2013,6.077003159,21.94440249,19.04157635,6.23173308,18.65471926,16.92730552,6.151858328,18.62329998,16.62573225
29,28-04-2013,5.380206977,20.5555998,19.77232792,5.583705033,16.51743932,17.39503476,5.529931439,16.09022263,16.95403467
30,05-05-2013,4.516516033,20.86397876,20.14103519,4.775800833,16.01221544,17.48178664,4.745856691,15.11197372,16.91125089
31,12-05-2013,4.135903657,22.9971337,20.17116024,4.457841201,17.22507413,17.20624148,4.450392373,15.77283578,16.51018838
32,19-05-2013,4.258847731,25.42305534,20.21644491,4.644223659,18.68274011,16.93784181,4.662075397,16.57920625,16.10652495
33,26-05-2013,4.342201349,26.76700699,20.62726309,4.787605372,19.04806873,17.02658247,4.832412954,16.18093169,16.04145174
34,02-06-2013,4.013306375,27.09252314,21.30619801,4.515442512,19.90282927,17.89770426,4.580291512,17.41296913,16.9584179
35,09-06-2013,3.53381341,27.33179644,21.64880061,4.088634862,20.48450913,18.37908241,4.158178133,18.30176205,17.47655695
36,16-06-2013,3.439999827,27.90314418,21.13955188,4.037399314,21.2304522,17.9824975,4.096910102,19.31735763,17.11158261
37,23-06-2013,3.856414864,28.35992713,20.00283333,4.478539968,21.83207676,16.98399334,4.522924185,20.16946256,16.1401768
38,30-06-2013,4.357593265,28.31923241,19.16121901,4.985431489,21.98400519,16.3234249,5.019097231,20.55128146,15.50541591
39,07-07-2013,4.516562981,28.1618207,19.35691618,5.139501491,21.95638774,16.70429086,5.168125062,20.71906919,15.91709917
40,14-07-2013,4.406358257,28.40899248,20.28419321,5.025308131,22.08465302,17.7754576,5.049031864,20.99809856,17.02544304
41,21-07-2013,4.422225316,28.64708195,20.75122556,5.043445897,21.92788513,18.3534407,5.058315381,20.9567562,17.63757687
42,28-07-2013,4.696758193,27.6710484,19.86893407,5.322689898,20.47046445,17.60143849,5.327136848,19.60996969,16.90347227
43,04-08-2013,4.896775191,24.96309446,18.07637402,5.521728795,18.61492494,16.11640905,5.519741233,17.86854044,15.61066514
44,11-08-2013,4.666659196,21.69292606,16.7791501,5.278862014,16.30575722,15.12254617,5.276611126,15.71564915,14.80002495
45,18-08-2013,4.128371398,19.75629832,16.91935872,4.71415621,15.29147308,15.50124482,4.71508305,14.88519399,15.36432588
46,25-08-2013,3.78279497,19.7517135,17.90183545,4.329376924,16.14364438,16.67182888,4.333863273,15.92648974,16.72038206
47,01-09-2013,3.946499612,20.27942348,18.14518989,4.443569606,17.65405499,17.1438349,4.452707779,17.6271477,17.36437307
48,08-09-2013,4.450602338,19.52682892,16.75663218,4.891808212,18.16552993,16.08023319,4.909449993,18.3437983,16.45530648
49,15-09-2013,4.95157558,17.36854812,14.56000534,5.334752586,17.34499251,14.22424718,5.364694209,17.74480407,14.75585213
50,22-09-2013,5.378953066,15.50020326,13.32615767,5.703688487,16.36573511,13.17487035,5.745646931,16.96622758,13.89574103
51,29-09-2013,5.886606711,15.40481892,13.97811116,6.151064641,16.34837607,13.75420584,6.185343412,17.05917756,14.52726248
52,06-10-2013,6.399517154,16.53000022,15.63301641,6.600569462,16.96180345,15.1891834,6.624028938,17.67088246,16.03787939
53,13-10-2013,6.468610755,16.82857956,16.53780336,6.605893573,16.84682263,15.95522666,6.619818111,17.47947145,16.86254023
54,20-10-2013,5.77668974,15.04759643,15.84288134,5.855705619,15.32311126,15.36014199,5.863922043,15.89073814,16.28357461
55,27-10-2013,4.711587019,12.13927731,14.37722353,4.741040453,13.34212706,14.19571787,4.745115232,13.92602899,15.10098487
56,03-11-2013,4.181543533,10.24443052,13.66970837,4.166896381,12.5908315,13.82847093,4.164313354,13.2769455,14.71071516
57,10-11-2013,4.716592194,10.48373055,14.32947751,4.657112121,13.80463056,14.75412222,4.644388958,14.63296746,15.63124614
58,17-11-2013,5.847222845,11.99183396,15.48582037,5.740082642,16.14190056,16.12800692,5.716672001,17.11799681,17.01899818
59,24-11-2013,6.542585185,13.02017138,15.77277924,6.388727341,17.00189968,16.30388707,6.356951287,17.5948829,17.08139118
60,01-12-2013,6.283050807,12.6351662,14.70523388,6.086988865,16.70169713,15.20890326,6.04855845,17.00922417,15.87102733
61,08-12-2013,5.572409348,11.21730047,13.07847847,5.336100114,15.46111211,13.58258954,5.289940193,15.64017256,14.12893925
62,15-12-2013,5.32408301,9.653042654,12.10163157,5.043731077,13.95449301,12.56465786,4.987710579,14.17045164,12.99952959
63,22-12-2013,5.852846144,8.502274106,12.30485319,5.524859648,12.75329532,12.68357373,5.458774417,13.13354847,13.01118027
64,29-12-2013,6.618374214,7.97055237,13.27488639,6.248477915,12.27018973,13.57931191,6.17421815,12.89318637,13.79950567
65,05-01-2014,6.928876156,8.208372726,14.27178642,6.531930838,12.79354326,14.54332295,6.450761716,13.70624937,14.65292915
66,12-01-2014,6.69389248,9.195284319,14.9312565,6.281419818,14.22318719,15.1837084,6.19212825,15.46254139,15.18032624
67,19-01-2014,6.360165035,10.42612145,15.3849778,5.928514787,15.89938025,15.58941559,5.828764226,17.50512463,15.47346002
68,26-01-2014,6.239671388,11.18572323,15.8869056,5.780535188,15.7138955,16.01231517,5.681769956,17.01604068,15.78853148
69,02-02-2014,6.155804324,11.38849764,16.46899717,5.664609081,15.12447759,16.53266866,5.567097291,16.18659118,16.21400744
70,09-02-2014,5.826371395,11.8973287,16.99023117,5.325099533,15.09471316,17.03812183,5.228153125,15.98723616,16.64888239
71,16-02-2014,5.39156376,13.61794552,17.37258944,4.923797308,16.42789156,17.42925525,4.824715477,17.20885494,17.00043685
72,23-02-2014,5.315198063,16.26004296,17.71290808,4.92216195,18.63440573,17.76200595,4.818146339,19.33263925,17.31814913
73,02-03-2014,5.755512705,18.37236349,18.16828542,5.455023705,20.18883742,18.18460732,5.345289643,20.80912855,17.73240451
74,09-03-2014,6.256268106,18.88691848,18.78723493,6.042776775,20.13107429,18.77380834,5.927331325,20.67970388,18.30379549
75,16-03-2014,6.23416517,18.45707579,19.47431996,6.09603867,19.23725086,19.45625549,5.972342838,19.74035497,18.95619517
76,23-03-2014,5.696555971,18.86802726,20.10594512,5.630802037,19.26471085,20.08973632,5.505922523,19.75348294,19.64251762
77,30-03-2014,5.269966783,21.0048256,20.6513396,5.280882846,20.96375271,20.61959496,5.152131619,21.43422167,20.22802449
78,06-04-2014,5.451469405,23.7023276,21.21754938,5.539491631,23.1070839,21.15254062,5.412743452,23.4903101,20.81596912
79,13-04-2014,5.982495254,24.92457816,21.93933733,6.138897512,23.74225678,21.85368013,6.027925753,23.91526255,21.56378129
80,20-04-2014,6.127283842,24.0227507,22.81213369,6.34107619,22.32836058,22.73971318,6.259509468,22.15698923,22.48801537
81,27-04-2014,5.534911494,22.50377348,23.6234511,5.802917702,20.36025592,23.5822425,5.756550637,19.73613822,23.36982015
82,04-05-2014,4.644047319,22.43548054,24.10428828,4.972319724,19.79624412,24.07963681,4.95952518,18.63936655,23.91599139
83,11-05-2014,4.152629838,24.32667415,24.21461499,4.548701757,21.08341139,24.18132133,4.567506708,19.3170986,24.07242272
84,18-05-2014,4.217199506,26.8327045,24.26616825,4.683010747,23.52134852,24.31827293,4.735652019,22.05449019,24.27866654
85,25-05-2014,4.350195141,28.41053114,24.64357634,4.882715037,25.02162629,24.77512047,4.971679359,23.74267435,24.78701912
86,01-06-2014,4.093888395,28.856303,25.34375,4.689661156,25.32537762,25.52466952,4.809861013,24.12940429,25.57069067
87,08-06-2014,3.600094166,29.0522515,25.83055095,4.255556307,25.20524783,26.00776264,4.39266807,24.01586344,26.07760621
88,15-06-2014,3.409712993,29.58069214,25.51692404,4.11617951,25.23455294,25.65620916,4.254547738,24.00916243,25.7443977
89,22-06-2014,3.754933333,30.10418789,24.47023378,4.49567657,25.20276348,24.58878107,4.628175278,23.92039198,24.69066077
90,29-06-2014,4.281645762,30.14680215,23.53505817,5.03711374,24.7369109,23.67709382,5.166926369,23.37849666,23.79044969
91,06-07-2014,4.512828581,29.960369,23.56573795,5.270396409,24.01088199,23.74490827,5.403650752,22.54468016,23.87369924
92,13-07-2014,4.423537918,30.13115406,24.46968319,5.182285899,23.42096401,24.65002602,5.320261608,21.80306546,24.80113067
93,20-07-2014,4.392856706,30.45326711,25.14516077,5.158795504,24.48505681,25.28724961,5.297598556,23.03517343,25.45997349
94,27-07-2014,4.635104399,29.77555328,24.54908661,5.411878958,24.42003105,24.66274121,5.549092209,23.12693914,24.84282492
95,03-08-2014,4.882464858,27.34093968,22.85350125,5.665832684,22.68698173,22.98215693,5.804539229,21.57470085,23.14954302
96,10-08-2014,4.736945553,24.028115,21.38799387,5.515907383,20.20163128,21.53957575,5.662306365,19.31221446,21.68279782
97,17-08-2014,4.221397554,21.75103666,21.29169657,4.982363895,18.73853197,21.40869564,5.140581654,18.10354659,21.52884487
98,24-08-2014,3.805454455,21.45774816,22.25495471,4.535354095,19.18047156,22.27703762,4.706095546,18.80841441,22.37562352
99,31-08-2014,3.877587356,22.04561715,22.7618232,4.565556314,20.58691155,22.71180549,4.749508369,20.47783873,22.77770593
100,07-09-2014,4.348323616,21.59875127,21.67827653,4.987221071,21.23226206,21.65100953,5.187821364,21.39845082,21.66588
101,14-09-2014,4.866033147,19.60375149,19.52471522,5.4524219,20.47065203,19.56059085,5.642215466,20.93069606,19.52140791
102,21-09-2014,5.296464304,17.53819822,18.02890038,5.829884563,19.28804735,18.00210753,6.009464512,20.03054333,17.93658325
103,28-09-2014,5.783011514,17.10209639,18.37655601,6.26200982,18.95260186,18.04081532,6.427716241,19.90669968,17.99447133
104,05-10-2014,6.320564179,18.14542107,19.9961019,6.742019556,19.42122506,19.17191232,6.89017112,20.47589972,19.17433193
105,12-10-2014,6.505778402,18.74003888,21.1603611,6.868491485,19.40584371,19.88739306,6.999557451,20.47472801,19.92863907
106,19-10-2014,5.944949929,17.32742182,20.75170965,6.253382574,17.98710342,19.25353533,6.371082131,19.06534784,19.29332122
107,26-10-2014,4.88519882,14.47136824,19.32592011,5.147932819,15.83992186,17.82416408,5.254520662,17.00042295,17.82445627
108,02-11-2014,4.19687351,12.26146464,18.41172146,4.420361119,14.64722585,16.97575506,4.513936529,15.98012922,16.92615172
109,09-11-2014,4.588753718,12.13313277,18.87135903,4.7310185,14.82126423,17.4368188,4.8079278,15.87742696,17.34360141
110,16-11-2014,5.728168096,13.5451605,20.06286441,5.786257627,16.35727366,18.5679546,5.845289301,17.14480123,18.45138162
111,23-11-2014,6.609352528,14.77021502,20.59246977,6.583311634,17.78476724,19.06803988,6.626485581,18.32397541,18.9371814
112,30-11-2014,6.552978315,14.64445929,19.75153718,6.447048385,18.11478359,18.28227455,6.476445317,18.49002672,18.13600182
113,07-12-2014,5.895471756,13.34872855,18.1434088,5.712520852,17.40975665,16.77127686,5.727541198,17.7705154,16.60839417
114,14-12-2014,5.556537345,11.75783407,16.99441366,5.293621828,16.31645456,15.68668215,5.292077199,16.83073983,15.51085924
115,21-12-2014,6.00902595,10.5154502,17.00689443,5.661773299,15.44161863,15.71487708,5.642989404,16.24554298,15.5307873
116,28-12-2014,6.833743847,9.86508035,17.90834012,6.405826326,15.21771927,16.63187236,6.371474379,16.39769479,16.44020738
117,04-01-2015,7.397325211,9.977624928,18.95592663,6.801793322,14.51077992,17.73514473,6.75346535,15.43599238,17.52154365
118,11-01-2015,7.377888507,10.87324491,19.68913561,6.627995881,14.77105915,18.54593353,6.564910592,15.47903567,18.30763895
119,18-01-2015,7.169200057,12.13763346,20.17086188,6.264266842,15.42418467,19.08184596,6.184087751,15.9535522,18.81869591
120,25-01-2015,7.153916866,13.03723361,20.66250379,6.080355375,15.69641706,19.59625651,5.981711741,16.09478763,19.31202213
121,01-02-2015,7.232964449,13.3190809,21.24657893,5.98281717,15.4729593,20.21180589,5.8658812,15.80154337,19.91762897
122,08-02-2015,7.095775188,13.70982393,21.79720098,5.685903589,15.60769893,20.83827016,5.550318466,15.93686409,20.55646438
123,15-02-2015,6.791023913,15.21144271,22.20992547,5.262587952,17.03610323,21.35824774,5.105944471,17.42770076,21.11941789
124,22-02-2015,6.764950161,17.79719285,22.55349112,5.161555546,19.53251713,21.79883809,4.980863479,20.02100221,21.62975098
125,01-03-2015,7.273950664,20.13931267,22.98821269,5.618291603,21.66095796,22.30351603,5.412380173,22.25387074,22.21438257
126,08-03-2015,8.082846319,21.05786658,23.58976278,6.451947657,22.23369133,22.97197152,6.25574803,22.64975723,22.94835917
127,15-03-2015,8.445575156,20.78627215,24.28325304,6.827464223,21.7111456,23.75598818,6.639065521,21.97293416,23.78505994
128,22-03-2015,8.233795423,21.04094912,24.93541563,6.623512062,21.81246338,24.51433219,6.437871851,21.95302105,24.59049348
129,29-03-2015,8.004078377,23.00966682,25.49530114,6.405353893,23.59741662,25.16695312,6.218795073,23.62212043,25.29250648
130,05-04-2015,8.340866015,25.87343588,26.05026441,6.755563745,26.16067201,25.79406005,6.572222679,26.01268881,25.96962034
131,12-04-2015,9.129177118,27.58287,26.74241485,7.550005086,27.51472579,26.56484996,7.382687776,27.07808541,26.7831987
132,19-04-2015,9.659288555,27.11393969,27.60222831,8.074824693,26.75235859,27.53590462,7.937893645,25.89148165,27.78774333
133,26-04-2015,9.45587152,25.6487828,28.45000686,7.861099017,25.06927106,28.51813851,7.761997647,23.66987557,28.80250539
134,03-05-2015,8.893177642,25.50884448,29.0066168,7.231183453,24.54537108,29.19964673,7.169183035,23.39629548,29.49389524
135,10-05-2015,8.626856038,27.39801813,29.17307947,6.90559378,25.94465536,29.46524478,6.878246284,24.97075276,29.77695467
136,17-05-2015,8.946009581,30.2166212,29.20400383,7.168605645,28.19883662,29.58158056,7.177439026,27.30863141,29.90601833
137,24-05-2015,9.442873681,32.30906108,29.50772106,7.606847871,29.71437711,29.96610769,7.654899943,28.79786813,30.28663528
138,31-05-2015,9.595320591,33.19390071,30.17787634,7.697070859,29.97563444,30.69263376,7.781017364,28.92479504,30.99104411
139,07-06-2015,9.437270006,33.65323982,30.7552389,7.473532904,29.6536923,31.27510394,7.580348987,28.38607426,31.53978459
140,14-06-2015,9.489188919,34.4117056,30.60615701,7.452589472,29.43752941,31.08999442,7.566036096,27.90498641,31.31498949
141,21-06-2015,10.08107061,35.27020382,29.64591302,7.956183248,29.23809584,30.10170249,8.067162337,27.41718786,30.28227936
142,28-06-2015,10.95572794,35.89588188,28.61456648,8.932163595,30.34463962,29.08586647,9.01234968,28.79442477,29.2190349
143,05-07-2015,11.59791737,36.19326098,28.44478356,9.661205145,31.11935681,28.95406898,9.716904357,29.81084058,29.04263552
144,12-07-2015,11.88284608,36.77217845,29.25431689,10.03006764,31.98636849,29.77260788,10.06369885,30.87695668,29.82359886
145,19-07-2015,12.15286522,37.62629001,30.0681264,10.38946585,32.83402644,30.55198074,10.39788206,31.88227964,30.56681272
146,26-07-2015,12.69259458,37.70756202,29.73051373,11.02324009,32.73887142,30.17970584,11.0033252,31.92741134,30.14638175
147,02-08-2015,13.31229367,36.06479054,28.1548611,11.73423636,30.97781566,28.61135441,11.68808009,30.32494602,28.50976818
148,09-08-2015,13.59144018,33.26524089,26.53774863,12.09459935,28.19680566,27.0204348,12.02824257,27.74347456,26.83679871
149,16-08-2015,13.45468274,31.17011042,26.1709192,12.02564557,26.1345304,26.63185471,11.94385437,25.91588231,26.36553839
150,23-08-2015,13.32140795,31.03798148,27.03837502,11.94686584,25.95169326,27.41039266,11.85079395,25.97995563,27.06406874
151,30-08-2015,13.63782456,32.24062537,27.74526455,12.46018883,27.01203095,28.10002688,12.34007665,27.2869531,27.75180975
152,06-09-2015,14.4018651,32.70375205,26.96116895,13.4132318,27.58758876,27.38764957,13.27202974,28.11862423,27.01909225
153,13-09-2015,15.27126126,31.54500612,24.88755357,14.46810935,26.73911917,25.44684889,14.31017027,27.54581922,25.05046975
154,20-09-2015,16.05012365,29.96320846,23.14776508,15.43182698,25.21710672,23.74592045,15.25859372,26.29645938,23.3439761
155,27-09-2015,16.85567912,29.80178218,23.15469136,16.42113957,24.38057393,23.55554072,16.22950433,25.67264622,23.19258936
156,04-10-2015,17.74320049,31.31559013,24.66210451,17.48943106,24.47694218,24.65927781,17.27531944,25.87394163,24.37021279
157,11-10-2015,18.36939675,32.77161618,26.03064097,18.29449903,24.34669205,25.62105785,18.05753249,25.75256378,25.40334747
158,18-10-2015,18.2869245,32.3676078,25.91174729,18.39426927,22.87485909,25.29748157,18.13789084,24.26836513,25.11418311
159,25-10-2015,17.60219449,30.25750115,24.56312778,17.90146483,20.41473485,23.98114143,17.68303933,21.73735362,23.7943055
160,01-11-2015,17.11859267,28.40263481,23.45580951,17.617086,18.60966148,23.00658273,17.4354152,19.95373191,22.80017443
161,08-11-2015,17.61230094,28.50727897,23.67536315,18.31136573,18.69328744,23.31016393,18.16277455,20.11749781,23.09618792
162,15-11-2015,18.98021785,30.38324831,24.83609416,19.87700013,20.3475735,24.48280478,19.75963956,21.86446999,24.28224043
163,22-11-2015,20.27841925,32.38614679,25.57181061,21.37211048,22.15572885,25.24399985,21.28758307,23.77873789,25.06833166
164,29-11-2015,20.69222452,33.14801391,24.9667377,21.98659183,22.96579983,24.74668393,21.93724997,24.76599478,24.59591441
165,06-12-2015,20.37528692,32.6255379,23.40763309,21.87394341,22.66507444,23.35029161,21.85970383,24.78280812,23.22259008
166,13-12-2015,20.21710456,31.64922352,22.09800401,21.9181087,21.85086863,22.18158352,21.93683817,24.45508449,22.07984462
167,20-12-2015,20.83308956,30.9422267,21.89732023,22.73162877,21.16147916,22.06996638,22.78258974,23.09744354,21.99914542
168,27-12-2015,21.94599527,30.79857032,22.69211192,24.0437772,21.0534108,22.94314973,24.12833376,22.41602411,22.90479723
169,03-01-2016,22.80864682,31.37268626,23.76279849,25.11819709,21.87430664,24.12911088,25.23818552,22.71904615,24.12069925
170,10-01-2016,23.07260218,32.74796521,24.56053129,25.6084305,23.70331352,25.07114327,25.76353197,24.06874394,25.08963453
171,17-01-2016,23.05590997,34.60443234,25.06745036,25.82032853,26.06342907,25.70586299,26.00829868,25.98730022,25.750549
172,24-01-2016,23.19508117,36.21865979,25.54337631,26.17582568,28.15703704,26.27531241,26.39498567,27.68489603,26.34909276
173,31-01-2016,23.47860147,37.18919089,26.11659651,26.66500358,29.69780619,26.94200542,26.91535336,28.8883823,27.05435673
174,07-02-2016,23.58836164,38.08224572,26.6847387,26.99215064,31.39915994,27.64464624,27.27360808,30.32215003,27.81581445
175,14-02-2016,23.48304275,39.94938674,27.1222071,27.14220012,34.28429636,28.25386098,27.45270099,33.00470602,28.51364425
176,21-02-2016,23.4084627,43.01674831,27.46316275,26.80929657,38.56278464,28.76677673,27.14544025,36.94674727,29.02000456
177,28-02-2016,23.86520126,46.12775753,27.86831912,27.03515046,42.76538575,29.31643829,27.39536284,40.82401135,29.57680245
178,06-03-2016,24.60010565,47.86389357,28.43829112,27.54052752,45.52676051,30.02186569,27.9249012,43.26257301,30.28452501
179,13-03-2016,24.98293659,48.2138604,29.12201721,27.68209658,46.9785118,30.86191217,28.08930214,44.41025817,31.11387436
180,20-03-2016,24.75674503,48.75744618,29.78574507,27.2077917,48.73387909,31.7016915,27.63317422,45.89497119,31.9355944
181,27-03-2016,24.38478317,50.93238314,30.35595818,26.59049691,52.11559499,32.43925437,27.0296191,49.01955433,32.65654829
182,03-04-2016,24.51286384,54.29292009,30.89750765,26.4762757,56.57118503,33.12594059,26.93157064,53.17338649,33.32828232
183,10-04-2016,25.1732571,56.85600766,31.55412214,26.8886914,60.15444982,33.92803351,27.371751,56.34729643,34.10951839
184,17-04-2016,25.55248364,57.26421096,32.38204869,27.12309623,61.9576314,34.79607953,27.48539147,59.14788951,34.99601803
185,24-04-2016,25.22983744,56.33079157,33.24367903,26.6488884,62.50311121,35.72544868,26.89946988,60.57087935,35.94089395
186,01-05-2016,24.37797885,56.19932336,33.85946212,25.64879095,63.84547908,36.40513055,25.7880602,62.702603,36.64358191
187,08-05-2016,23.70399537,58.09690982,34.07784474,24.83466218,67.11743855,36.66212404,24.85990071,66.68943224,36.9323768
188,15-05-2016,23.6201146,61.22082843,34.09269419,24.61493107,71.52913233,36.69871682,24.52687101,71.72841538,36.99861399
189,22-05-2016,23.81933188,63.8632282,34.31661516,24.67653773,75.44027117,36.94005966,24.47848638,76.15910229,37.25447974
190,29-05-2016,23.73906641,65.26709573,34.93116091,24.45496898,78.08110343,37.55291669,24.14524245,79.20916085,37.86310941
191,05-06-2016,23.2926902,66.06639198,35.56681662,23.8641639,79.97867722,38.13874858,23.43126108,81.4277395,38.43174042
192,12-06-2016,22.86586932,67.07428464,35.5640158,23.37672876,81.90957996,37.95142201,22.99172317,83.62561818,38.24926058
193,19-06-2016,22.96198503,68.27518551,34.70100163,23.39823075,83.92359434,36.90219602,23.05017816,85.88005399,37.20009098
194,26-06-2016,23.4160697,69.10716907,33.59162687,23.75808534,85.59473557,35.64747667,23.44697599,87.77407302,35.94182169
195,03-07-2016,23.7146165,69.53075033,33.21140715,23.94630364,86.87635887,35.1521153,23.67832327,89.25223408,35.44452391
196,10-07-2016,23.63592396,70.13842652,33.87809989,23.75225283,88.18747924,35.68299152,23.53090512,90.71910761,35.9802928
197,17-07-2016,23.46660869,71.10784401,34.77524195,23.47213948,89.56875804,36.39866024,23.29499502,92.21282307,36.70409735
198,24-07-2016,23.5465778,71.53347123,34.67825351,23.44677382,90.19929858,36.10991764,23.31020087,92.93267955,36.41393602
199,31-07-2016,23.77297385,70.32137399,33.24986987,23.56659435,89.21413473,34.52792433,23.47164111,92.04897849,34.81088102
200,07-08-2016,23.72349624,67.72043409,31.51223648,23.40152037,86.98057103,32.66491959,23.35388131,89.95573327,32.91095295
201,14-08-2016,23.22995221,65.27874054,30.86027069,22.90321934,83.12421347,31.85086436,22.853184,85.79173596,32.05727232
202,21-08-2016,22.64463212,64.70789238,31.56875809,22.29964969,81.05849906,32.32654905,22.24892615,83.43471888,32.49663898
203,28-08-2016,22.45447627,65.61602942,32.41444166,22.07942135,80.4761984,32.92675571,22.02821069,82.56136765,33.0545167
204,04-09-2016,22.74892676,66.11730476,31.92216077,22.33516801,79.71358405,32.26819557,22.2858919,81.51438314,32.33580695
205,11-09-2016,23.21281371,64.99795182,29.97079832,22.75607059,77.56985232,30.22782328,22.71312709,79.10565637,30.22401547
206,18-09-2016,23.59464319,63.12606412,28.02208842,23.09400393,74.52138124,28.12834721,23.05962524,75.79633634,28.06968056
207,25-09-2016,23.97167943,62.40918463,27.66526343,23.42634779,71.95685595,27.40066088,23.39810547,72.92220969,27.32962475
208,02-10-2016,24.44693655,63.49285684,28.98883462,23.85416392,70.4038295,28.12618795,23.82775665,70.95706107,28.08202066
209,09-10-2016,24.74735775,64.81014654,30.50035009,24.10469812,69.49724832,29.14500166,24.07890354,69.38828236,29.12612797
210,16-10-2016,24.395684,64.48365217,30.66629586,23.70540739,67.36367899,28.99286061,23.68323436,66.5551961,28.96673962
211,23-10-2016,23.36334308,62.25179741,29.4322178,22.63314049,64.07404297,27.68647324,22.61790715,62.61605869,27.61030109
212,30-10-2016,22.36142168,59.87465327,28.15525914,21.59925718,61.12623731,26.4684453,21.59052511,59.1110737,26.32064213
213,06-11-2016,22.24540534,59.26825461,28.10692804,21.45378366,59.94661589,26.45003758,21.44801051,57.44187706,26.2386143
214,13-11-2016,23.10059279,60.61388906,29.17504518,22.27698336,60.50864935,27.46944278,22.27173944,57.53297176,27.21546442
215,20-11-2016,24.07908629,62.41145575,30.07121284,23.22191949,61.49734194,28.31249001,23.21829162,58.05923562,28.02980946
216,27-11-2016,24.26050414,63.12462656,29.70190498,23.37290173,61.62386573,27.96647983,23.37339976,57.7815115,27.6565843
217,04-12-2016,23.60740305,62.46837701,28.21972029,22.69352309,60.58733388,26.57381895,22.69859532,56.47053774,26.23446902
218,11-12-2016,22.94326978,61.19393377,26.76469224,22.00226167,58.91187292,25.19918029,22.00994145,54.68869184,24.83238886
219,18-12-2016,23.00437408,60.09402215,26.33206012,22.03132081,57.2619181,24.79446373,22.04010489,53.08397951,24.40527033
220,25-12-2016,23.67077099,59.52520501,26.98094888,22.66557859,56.1211217,25.45027008,22.67645082,52.09220178,25.04106593
221,01-01-2017,24.21324927,59.64621613,28.04235015,23.1867832,55.85747496,26.55012612,23.20172935,52.03845589,26.11890569
222,08-01-2017,24.16513832,60.57261737,28.89099905,23.13265971,56.62350693,27.47203827,23.15183273,53.05450082,27.0155756
223,15-01-2017,23.74877255,62.07735397,29.41874714,22.71548793,58.04669335,28.06446293,22.73682666,54.76483023,27.58153247
224,22-01-2017,23.43418842,63.47273914,29.86939776,22.38971375,59.33496299,28.54452955,22.41127154,56.38391129,28.03725396
225,29-01-2017,23.30280461,64.23281896,30.41393097,22.23448923,60.0487559,29.10990803,22.25602884,57.48471578,28.58625324
226,05-02-2017,23.05027339,64.74723115,30.98113506,21.96485579,60.73740691,29.73402092,21.98649947,58.62888161,29.2121409
227,12-02-2017,22.55164845,66.0704227,31.43081355,21.48327297,62.46564579,30.28238445,21.50333575,60.88008618,29.79090696
228,19-02-2017,22.15696889,68.66063711,31.76766389,21.15152629,65.51728293,30.72234531,21.16690647,64.50024001,30.29112994
229,26-02-2017,22.26866245,71.57160645,32.1396826,21.35805671,68.78182663,31.17117527,21.36678473,68.34868876,30.81726407
230,05-03-2017,22.74890199,73.29658696,32.66917654,21.93868297,70.77214333,31.76283286,21.94072166,70.92483765,31.48427131
231,12-03-2017,22.98429669,73.49604518,33.33139726,22.26359596,71.29116073,32.50418807,22.25812286,72.04458425,32.28831098
232,19-03-2017,22.60187204,73.55205594,33.997064,21.96209969,71.78378608,33.27180452,21.9449669,73.17052724,33.10958714
233,26-03-2017,21.95248541,75.09030064,34.5727835,21.3951264,73.77938459,33.94605994,21.36137153,75.81977787,33.83778674
234,02-04-2017,21.7148819,78.05007849,35.0989123,21.24381477,77.09501194,34.54819945,21.19425298,79.7564673,34.49628837
235,09-04-2017,22.06590859,80.59111,35.715293,21.67718055,79.89998223,35.23503829,21.62198424,83.08448426,35.23503118
236,16-04-2017,22.43408554,81.07725575,36.51093399,22.11653642,80.67539232,36.12745278,22.07062918,84.24882184,36.16953045
237,23-04-2017,22.15882596,79.92307873,37.38106834,21.90417849,79.89820497,37.1253451,21.87811818,83.7355699,37.20470983
238,30-04-2017,21.26506425,79.19121795,38.05484524,21.07496372,79.55932955,37.92913825,21.07048104,83.56735632,38.05177683
239,07-05-2017,20.42000583,80.41676105,38.3359923,20.30238281,81.08881035,38.31658774,20.31672456,85.19273681,38.49207939
240,14-05-2017,20.14398557,83.13453693,38.35360232,20.1042322,84.01387055,38.42064018,20.1373046,88.12977441,38.64933739
241,21-05-2017,20.2474896,85.65024069,38.50887647,20.28472259,86.70831771,38.65730139,20.33983217,90.73133189,38.92593237
242,28-05-2017,20.15364876,86.94585876,39.05964277,20.26417882,88.16230898,39.27511462,20.34110671,91.98066022,39.564713
243,04-06-2017,19.65822361,87.46379934,39.73490961,19.83893035,88.7205721,39.97349205,19.92786641,92.24066661,40.26972962
244,11-06-2017,19.1696431,88.11349122,39.88373787,19.41530053,89.21260142,40.09486921,19.49993013,92.37429176,40.39032103
245,18-06-2017,19.16619239,89.03030993,39.15277707,19.46429577,89.83707904,39.32504927,19.53201677,92.61007358,39.61484483
246,25-06-2017,19.59232417,89.66599857,38.01343803,19.9237097,90.18805379,38.18313176,19.97263573,92.55469308,38.46320565
247,02-07-2017,19.95050016,89.83708207,37.44831328,20.29770526,90.10970262,37.65190791,20.33358873,92.04610451,37.92269691
248,09-07-2017,19.92977479,90.08047231,37.95790062,20.28560511,89.98491275,38.18394759,20.3129241,91.45249896,38.45177742
249,16-07-2017,19.74452884,90.73267346,38.90930396,20.11235719,89.98819954,39.11211346,20.12957218,90.94255414,39.38172098
250,23-07-2017,19.77206826,91.06200099,39.05458307,20.15789709,89.42985625,39.21431587,20.16106992,89.84264559,39.47867638
251,30-07-2017,20.00089307,89.88694299,37.82287272,20.40496087,87.34903942,37.97176406,20.39409375,87.22596885,38.21218805
252,06-08-2017,20.02759714,87.14439123,36.02760055,20.44207473,83.83697358,36.20121669,20.42233448,83.21385612,36.400106
253,13-08-2017,19.6007172,84.39533517,35.11434425,20.01289177,80.38906141,35.28824437,19.99004667,79.30626719,35.4405728
254,20-08-2017,18.99154316,83.35761698,35.6350244,19.38779822,78.58321247,35.73825161,19.36418998,77.06139807,35.84740762
255,27-08-2017,18.7086646,84.02377484,36.58150162,19.0767702,78.45322167,36.58520961,19.05255458,76.49396119,36.64764804
256,03-09-2017,18.93297437,84.63943968,36.39034437,19.26361498,78.4639985,36.36071579,19.24067685,76.07145705,36.35988118
257,10-09-2017,19.3934914,83.70963926,34.62610511,19.68159697,77.19613602,34.65171836,19.66423002,74.38855138,34.57331157
258,17-09-2017,19.79273861,81.73484872,32.53794304,20.03699745,74.82451637,32.58845467,20.02813228,71.6118502,32.44329301
259,24-09-2017,20.15687583,80.60501901,31.8343157,20.35671733,72.70435362,31.71092226,20.35470342,69.04895177,31.53841973
260,01-10-2017,20.62169107,81.32604636,32.93570424,20.77468303,71.62047447,32.39698601,20.77516868,67.42688353,32.23964822
261,02-10-2017,20.69047379,81.53572956,33.17885652,20.83649737,71.52200069,32.56820236,20.83706722,67.24205942,32.41502954
262,03-10-2017,20.75654138,81.75488369,33.42737371,20.89553579,71.42591964,32.74358826,20.89615885,67.05736031,32.59472115
263,04-10-2017,20.81836371,81.97654197,33.67538288,20.95027655,71.32751807,32.91802088,20.95093712,66.86818951,32.77346799
264,05-10-2017,20.874311,82.19361047,33.91709759,20.99910056,71.22203503,33.08647215,20.99979849,66.66993456,32.9461101
265,06-10-2017,20.92269862,82.39904913,34.14694981,21.04033605,71.10479727,33.2441258,21.04108659,66.4581008,33.10770208
266,07-10-2017,20.96183616,82.58605147,34.35971592,21.0723075,70.97135268,33.38648848,21.07314068,66.228442,33.25362668
267,08-10-2017,20.99007945,82.74821823,34.55063387,21.09338731,70.81759786,33.50949253,21.09434697,65.97708487,33.37969986
268,09-10-2017,21.00588383,82.87972052,34.71550859,21.10204881,70.63989672,33.60958802,21.1031912,65.70064379,33.48226491
269,10-10-2017,21.00785721,82.97544808,34.85080341,21.09691894,70.43518669,33.68382177,21.098311,65.39632291,33.55827345
270,11-10-2017,20.99481123,83.03113916,34.95371527,21.07682897,70.20106986,33.72990173,21.07854636,65.06200271,33.6053514
271,12-10-2017,20.96580894,83.04348841,35.02223206,21.04086174,69.93588663,33.74624512,21.04298655,64.69630885,33.62184854
272,13-10-2017,20.92020736,83.01023036,35.05517095,20.98839377,69.63877003,33.73200947,20.99101217,64.29866152,33.60687048
273,14-10-2017,20.85769359,82.93019626,35.05219672,20.91913084,69.30967922,33.68710577,20.92233058,63.86930396,33.56029261
274,15-10-2017,20.77831309,82.80334323,35.01382009,20.83313584,68.9494115,33.61219362,20.83700373,63.40930951,33.48275558
275,16-10-2017,20.68248916,82.63075479,34.941376,20.73084778,68.55959262,33.50865874,20.7354672,62.92056711,33.37564274
276,17-10-2017,20.5710326,82.41461337,34.83698265,20.61309104,68.14264562,33.37857331,20.61853961,62.40574571,33.24104018
277,18-10-2017,20.44514114,82.15814543,34.70348239,20.48107442,67.70173927,33.22464037,20.48742184,61.86823854,33.08168045
278,19-10-2017,20.30638829,81.86554085,34.54436615,20.33637967,67.24071758,33.05012375,20.34368577,61.31208898,32.90087148
279,20-10-2017,20.15670149,81.5418491,34.36368311,20.18093942,66.76401225,32.85876521,20.18925252,60.74189996,32.70241242
280,21-10-2017,19.99833004,81.19285478,34.1659382,20.01700493,66.27654055,32.65469098,20.02636057,60.16272928,32.49049872
281,22-10-2017,19.83380337,80.82493608,33.9559798,19.84710424,65.78359133,32.44231003,19.85752423,59.57997389,32.2696186
282,23-10-2017,19.66588036,80.44490994,33.73888045,19.67399157,65.29070222,32.22620646,19.68548348,58.99924598,32.04444358
283,24-10-2017,19.49749121,80.05986795,33.51981357,19.5005892,64.80353124,32.01102874,19.51314622,58.42624426,31.81971571
284,25-10-2017,19.33167296,79.67700724,33.30392907,19.32992322,64.32772621,31.80137843,19.34352444,57.86662373,31.60013421
285,26-10-2017,19.17150034,79.30346088,33.09623092,19.16505465,63.86879524,31.60170102,19.17966575,57.3258673,31.3902442
286,27-10-2017,19.02001391,78.94613186,32.90145948,19.00900786,63.43198163,31.41618149,19.02458212,56.80916255,31.19433023
287,28-10-2017,18.88014696,78.61153499,32.72398155,18.86469798,63.02214626,31.24864698,18.88117769,56.32128659,31.01631694
288,29-10-2017,18.7546536,78.30565045,32.56769034,18.73485935,62.64366039,31.10247889,18.75217746,55.86650195,30.85967929
289,30-10-2017,18.64603948,78.03379264,32.43591802,18.62197687,62.3003114,30.98053628,18.64005888,55.44846592,30.72736425
290,31-10-2017,18.5564975,77.80049723,32.33136248,18.52822214,61.99522352,30.88509238,18.54698821,55.07015537,30.62172586
291,01-11-2017,18.48784989,77.60942905,32.25603005,18.4553962,61.73079551,30.81778545,18.47476338,54.7338088,30.54447475
292,02-11-2017,18.44149866,77.46331267,32.21119527,18.40488049,61.50865633,30.77958518,18.42476494,54.44088669,30.49664347
293,03-11-2017,18.41838556,77.36388696,32.19737851,18.37759739,61.32963965,30.77077496,18.39791666,54.19205079,30.47856807
294,04-11-2017,18.41896301,77.31188436,32.21434169,18.3739816,61.19377749,30.79095051,18.3946568,53.98716258,30.48988618
295,05-11-2017,18.44317669,77.30703476,32.26110199,18.39396329,61.1003126,30.8390346,18.41492114,53.82530037,30.52955147
296,06-11-2017,18.49046057,77.34809328,32.33596297,18.43696347,61.04772897,30.91330729,18.45813812,53.70479441,30.59586395
297,07-11-2017,18.55974464,77.43289085,32.4365622,18.50190205,61.03379915,31.01145081,18.5232367,53.62327845,30.68651515
298,08-11-2017,18.6494752,77.55840553,32.55993384,18.58721839,61.05564691,31.13060787,18.60866659,53.57775626,30.79864691
299,09-11-2017,18.7576474,77.72085235,32.70258474,18.69090402,61.10982305,31.26745178,18.71243066,53.5646809,30.92892228
300,10-11-2017,18.88184937,77.91578886,32.86058184,18.81054673,61.19239229,31.41826666,18.83212867,53.58004449,31.07360661
301,11-11-2017,19.01931669,78.13823332,33.02964871,18.94338512,61.29902864,31.57903559,18.96501148,53.61947588,31.22865686
302,12-11-2017,19.16699618,78.38279195,33.20526886,19.08637211,61.42511665,31.74553479,19.10804417,53.67834346,31.38981685
303,13-11-2017,19.32161712,78.64379206,33.38279309,19.236246,61.5658557,31.91343116,19.25797679,53.75186057,31.55271618
304,14-11-2017,19.47976836,78.9154172,33.55754859,19.38960722,61.71636482,32.07838121,19.41142071,53.83519051,31.71297048
305,15-11-2017,19.63797923,79.19184089,33.7249468,19.54299879,61.87178525,32.23612891,19.56492885,53.92354871,31.86628053
306,16-11-2017,19.79280219,79.46735567,33.88058783,19.69298855,62.02737821,32.38260014,19.71507754,54.01229957,32.0085281
307,17-11-2017,19.94089516,79.73649416,34.02035888,19.83625086,62.17861588,32.51399176,19.85854813,54.09704558,32.1358662
308,18-11-2017,20.07910131,79.99413946,34.14052448,19.9696459,62.32126321,32.62685316,19.99220598,54.17370707,32.2448019
309,19-11-2017,20.20452437,80.23562237,34.23780655,20.09029432,62.45144931,32.71815877,20.11317505,54.23859064,32.33226974
310,20-11-2017,20.31459734,80.45680345,34.30945269,20.19564533,62.56572673,32.78536969,20.21890598,54.28844534,32.3956944
311,21-11-2017,20.40714295,80.65413852,34.35329115,20.28353666,62.66111798,32.82648355,20.30723595,54.32050552,32.43304124
312,22-11-2017,20.48042429,80.82472648,34.36777166,20.35224456,62.73514866,32.84007148,20.37643881,54.33252006,32.44285386
313,23-11-2017,20.53318423,80.96633908,34.35199125,20.40052273,62.78586702,32.82530158,20.42526409,54.3227679,32.42427805
314,24-11-2017,20.56467264,81.07743272,34.30570489,20.42762914,62.8118503,32.78194879,20.45296402,54.29006017,32.37707176
315,25-11-2017,20.57466081,81.15714277,34.22932099,20.43334011,62.81219849,32.71039102,20.45930777,54.23372972,32.30160141
316,26-11-2017,20.56344259,81.20526158,34.12388217,20.41795118,62.78651631,32.61159202,20.4445826,54.15360908,32.19882458
317,27-11-2017,20.53182238,81.2222015,33.99103212,20.38226498,62.73488487,32.48707165,20.40958204,54.0499981,32.07026006
318,28-11-2017,20.48109023,81.20894481,33.83296958,20.32756628,62.65782436,32.33886457,20.35558119,53.92362301,31.91794607
319,29-11-2017,20.41298483,81.16698279,33.65239091,20.25558511,62.5562494,32.16946837,20.28430018,53.77558841,31.74438795
320,30-11-2017,20.32964533,81.09824602,33.45242275,20.16844878,62.43141904,31.98178288,20.19785653,53.60732432,31.55249678
321,01-12-2017,20.2335534,81.00502868,33.23654666,20.06862425,62.28488306,31.77904188,20.0987078,53.42052991,31.34552048
322,02-12-2017,20.12746704,80.88990922,33.00851769,19.95885237,62.1184265,31.56473935,19.98958611,53.21711609,31.1269692
323,03-12-2017,20.01434789,80.75566998,32.7722789,19.84207575,61.93401431,31.34255171,19.87342636,52.99914852,30.90053696
324,04-12-2017,19.89728417,80.6052183,32.53187397,19.72136224,61.73373758,31.11625824,19.75328983,52.76879298,30.67002115
325,05-12-2017,19.77941101,80.44151118,32.29135997,19.59982601,61.51976317,30.88966127,19.63228553,52.52826438,30.43924209
326,06-12-2017,19.6638306,80.26748568,32.05472222,19.48054834,61.2942877,30.66650813,19.51349113,52.27978092,30.21196429
327,07-12-2017,19.55353404,80.08599679,31.82579341,19.36650029,61.05949724,30.45041655,19.3998757,52.02552432,29.99182117
328,08-12-2017,19.45132709,79.89976409,31.60817839,19.26046909,60.81753334,30.24480505,19.29422615,51.76760679,29.78224496
329,09-12-2017,19.35976156,79.71132827,31.40518653,19.16499038,60.57046595,30.05282977,19.19907948,51.50804546,29.58640308
330,10-12-2017,19.28107441,79.52301818,31.21977278,19.08228785,60.32027334,29.87732898,19.11666233,51.24874408,29.40714233
331,11-12-2017,19.21713566,79.33692866,31.05448856,19.0142219,60.06882914,29.72077635,19.04883956,50.99148221,29.24694186
332,12-12-2017,19.16940686,79.15490888,30.91144343,18.96224852,59.81789592,29.58524356,18.99707294,50.73791113,29.10787579
333,13-12-2017,19.13891075,78.97856089,30.79227782,18.92738942,59.56912481,29.47237304,18.96239109,50.4895561,28.99158581
334,14-12-2017,19.12621293,78.80924737,30.69814738,18.91021403,59.32406035,29.38336091,18.94537125,50.24782383,28.89926433
335,15-12-2017,19.13141589,78.64810742,30.62971862,18.91083364,59.08414956,29.31895026,18.94613314,50.01401435,28.83164786
336,16-12-2017,19.1541653,78.49607915,30.58717568,18.92890774,58.850754,29.27943448,18.96434508,49.7893358,28.78902069
337,17-12-2017,19.19366836,78.35392734,30.57023768,18.96366222,58.62516378,29.26467021,18.99924184,49.57492108,28.77122817
338,18-12-2017,19.24872333,78.22227448,30.57818569,19.01391869,58.40861213,29.27409935,19.04965365,49.371845,28.77769909
339,19-12-2017,19.31775952,78.10163353,30.60989847,19.07813391,58.2022893,29.30677905,19.11404547,49.18114058,28.80747617
340,20-12-2017,19.39888624,77.99244054,30.66389568,19.15444832,58.00735479,29.3614189,19.19056514,49.00381342,28.85925368
341,21-12-2017,19.48994943,77.89508553,30.73838722,19.24074188,57.82494666,29.43642405,19.27709904,48.84085293,28.93142103
342,22-12-2017,19.58859416,77.80994001,30.83132738,19.33469579,57.65618717,29.52994303,19.37133359,48.69323967,29.0221111
343,23-12-2017,19.69233123,77.73737993,30.94047214,19.4338582,57.50218409,29.63991903,19.47082081,48.56194801,29.1292519
344,24-12-2017,19.79860598,77.6778028,31.06343825,19.535712,57.36402712,29.76414321,19.57304603,48.44794359,29.2506203
345,25-12-2017,19.90486727,77.63163828,31.19776251,19.63774288,57.24277927,29.90030876,19.67549576,48.35217559,29.38389645
346,26-12-2017,20.00863487,77.5993517,31.34095981,19.73750557,57.13946327,30.04606442,19.77572406,48.27556356,29.52671759
347,27-12-2017,20.1075632,77.58144027,31.49057862,19.83268663,57.05504326,30.19906624,19.87141525,48.21897941,29.67673001
348,28-12-2017,20.19949988,77.57842224,31.64425266,19.92116197,56.99040236,30.35702639,19.96044153,48.18322499,29.83163804
349,29-12-2017,20.28253737,77.59081941,31.79974771,20.00104764,56.94631688,30.5177581,20.04091393,48.16900605,29.98924907
350,30-12-2017,20.35505661,77.61913373,31.95500256,20.07074255,56.92342813,30.67921572,20.11122512,48.17690371,30.14751364
351,31-12-2017,20.41576121,77.66381916,32.1081635,20.12896205,56.92221305,30.83952939,20.17008329,48.20734455,30.30456005
352,01-01-2018,20.46370184,77.72525001,32.25761172,20.17476169,56.94295489,30.99703354,20.21653602,48.26057062,30.45872275
353,02-01-2018,20.49828989,77.80368726,32.40198332,20.20755056,56.98571534,31.150289,20.24998398,48.33661086,30.60856435
354,03-01-2018,20.51930059,77.8992444,32.54018188,20.22709417,57.05030945,31.29809847,20.27018395,48.43525529,30.75289089
355,04-01-2018,20.52686542,78.01185463,32.67138351,20.23350681,57.13628471,31.43951537,20.27724156,48.55603331,30.89076043
356,05-01-2018,20.52145446,78.14124091,32.79503487,20.22723415,57.24290573,31.57384603,20.2715941,48.69819754,31.02148511
357,06-01-2018,20.50384931,78.28689066,32.91084435,20.2090265,57.36914531,31.70064585,20.25398401,48.86071438,31.14462703
358,07-01-2018,20.47510758,78.44803649,33.01876722,20.17990389,57.51368336,31.81970951,20.22542421,49.04226207,31.25998825
359,08-01-2018,20.43652026,78.6236443,33.11898534,20.14111418,57.67491392,31.931056,20.18715645,49.24123736,31.3675957
360,09-01-2018,20.38956322,78.81240996,33.21188232,20.09408558,57.85096122,32.03490915,20.14060392,49.45577094,31.46768147
361,10-01-2018,20.33584466,79.01276514,33.29801499,20.04037509,58.03970462,32.13167423,20.08731987,49.68375214,31.56065936
362,11-01-2018,20.27704999,79.22289298,33.37808224,19.98161469,58.23881256,32.22191164,20.02893388,49.9228625,31.6470985
363,12-01-2018,20.21488592,79.44075364,33.45289208,19.91945672,58.44578496,32.30630837,19.96709724,50.17061804,31.72769477
364,13-01-2018,20.15102558,79.66411946,33.52332805,19.85552038,58.65800343,32.38564815,19.90342954,50.42441933,31.80324101
365,14-01-2018,20.08705621,79.8906192,33.59031578,19.79134089,58.87278815,32.46078115,19.83946764,50.68160828,31.87459686
366,15-01-2018,20.0244311,80.11779041,33.65479078,19.72832287,59.08746014,32.53259405,19.77661906,50.93953042,31.94265884
367,16-01-2018,19.96442712,80.34313856,33.71766808,19.66769924,59.29940736,32.60198108,19.7161207,51.195601,32.00833176
368,17-01-2018,19.90810919,80.56420143,33.77981463,19.61049704,59.50615283,32.66981704,19.65900451,51.44737304,32.07250177
369,18-01-2018,19.85630253,80.77861687,33.84202493,19.55751095,59.70542287,32.73693258,19.60607076,51.69260557,32.13601203
370,19-01-2018,19.80957362,80.98419191,33.90500052,19.50928527,59.89521333,32.80409246,19.55786983,51.92932977,32.19964111
371,20-01-2018,19.76822019,81.178971,33.96933355,19.46610491,60.07385191,32.87197713,19.51469296,52.1559111,32.2640849
372,21-01-2018,19.73227057,81.36130124,34.03549481,19.4279954,60.24005429,32.94116795,19.47657201,52.37110521,32.32994202
373,22-01-2018,19.70149217,81.52989218,34.1038262,19.39473195,60.3929724,33.01213621,19.44328826,52.57410585,32.39770306
374,23-01-2018,19.67540875,81.68386827,34.17453762,19.36585696,60.53223274,33.08523608,19.41438972,52.76458273,32.46774367
375,24-01-2018,19.6533259,81.82281169,34.24770827,19.34070557,60.65796347,33.1607014,19.38921637,52.94270801,32.54032151
376,25-01-2018,19.63436363,81.94679395,34.32329179,19.31843799,60.77080867,33.23864624,19.36693243,53.10916995,32.61557677
377,26-01-2018,19.61749511,82.05639475,34.40112525,19.29807784,60.87192911,33.31906895,19.34656444,53.26517283,32.69353628
378,27-01-2018,19.60159017,82.15270685,34.48094119,19.27855489,60.96298874,33.4018595,19.3270439,53.41242254,32.77412059
379,28-01-2018,19.58546204,82.23732629,34.56238241,19.25875089,61.04612666,33.4868095,19.30725305,53.55309765,32.85715392
380,29-01-2018,19.56791591,82.31232753,34.64501883,19.23754697,61.12391504,33.57362482,19.28607222,53.68980624,32.94237637
381,30-01-2018,19.54779754,82.38022381,34.7283659,19.21387096,61.19930328,33.66193998,19.26242709,53.82552906,33.02945797
382,31-01-2018,19.52404046,82.44391306,34.81190382,19.18674299,61.27554983,33.75133408,19.23533448,53.96355028,33.11801411
383,01-02-2018,19.49571005,82.50661065,34.8950971,19.15531805,61.35614286,33.84134754,19.20394491,54.10737711,33.20762174
384,02-02-2018,19.46204319,82.57177023,34.97741375,19.11892391,61.44471173,33.93149936,19.16758065,54.26065036,33.29783595
385,03-02-2018,19.42248209,82.64299482,35.05834365,19.0770931,61.54493147,34.02130419,19.12576797,54.42704799,33.38820643
386,04-02-2018,19.37670113,82.72394011,35.13741551,19.02958809,61.66042257,34.11028886,19.07826244,54.61018423,33.47829322
387,05-02-2018,19.3246259,82.81821269,35.21421201,18.9764185,61.79464884,34.19800791,19.02506643,54.81350682,33.56768152
388,06-02-2018,19.26644372,82.929266,35.28838282,18.91784999,61.95081608,34.28405769,18.96643821,55.04019528,33.65599508
389,07-02-2018,19.20260524,83.06029683,35.35965511,18.85440425,62.13177439,34.36808886,18.9028922,55.29306307,33.74290788
390,08-02-2018,19.13381705,83.21414545,35.42784141,18.78685022,62.33992691,34.4498167,18.83519045,55.57446637,33.82815388
391,09-02-2018,19.0610254,83.39320235,35.49284468,18.71618653,62.57714784,34.52902945,18.76432536,55.88622235,33.91153462
392,10-02-2018,18.98539161,83.59932443,35.5546606,18.64361589,62.84471213,34.60559413,18.69149422,56.22953946,33.99292455
393,11-02-2018,18.90825972,83.83376343,35.61337702,18.57051192,63.14323915,34.67946005,18.6180663,56.60496185,34.07227412
394,12-02-2018,18.8311175,84.0971088,35.66917084,18.49837963,63.4726524,34.75065994,18.54554343,57.01233009,34.14961049
395,13-02-2018,18.75555193,84.38924736,35.72230236,18.42881051,63.83215662,34.81930862,18.47551531,57.45075954,34.22503606
396,14-02-2018,18.68320046,84.70934103,35.77310746,18.36343385,64.22023358,34.88559955,18.40961079,57.91863762,34.29872493
397,15-02-2018,18.61569969,85.05582407,35.82198787,18.30386562,64.63465698,34.94979922,18.34944686,58.41364029,34.37091741
398,16-02-2018,18.55463291,85.42642023,35.86939987,18.25165647,65.07252677,35.01223978,18.29657659,58.93276815,34.4419128
399,17-02-2018,18.50147826,85.81818,35.91584175,18.20824068,65.53032223,35.07330996,18.252438,59.47240139,34.51206073
400,18-02-2018,18.45755907,86.22753728,35.96184052,18.17488742,66.00397295,35.13344472,18.21830524,60.02837265,34.58175139
401,19-02-2018,18.42399797,86.65038466,36.00793811,18.15265609,66.4889462,35.19311394,18.19524369,60.59605634,34.65140474
402,20-02-2018,18.40167631,87.08216533,36.05467757,18.142357,66.98034872,35.25281022,18.1840705,61.17047228,34.72145924
403,21-02-2018,18.39120009,87.51797971,36.10258953,18.14451891,67.47304046,35.31303651,18.18532182,61.74640124,34.79236026
404,22-02-2018,18.39287374,87.95270418,36.15217941,18.15936428,67.96175759,35.37429351,18.1992278,62.31850953,34.86454851
405,23-02-2018,18.40668235,88.38111874,36.20391543,18.18679328,68.44124147,35.4370674,18.22569632,62.88147949,34.93844879
406,24-02-2018,18.43228342,88.7980404,36.25821806,18.22637714,68.90637051,35.50181801,18.26430601,63.43014246,35.01445925
407,25-02-2018,18.46900808,89.19845883,36.3154507,18.27736112,69.35229121,35.56896791,18.31430895,63.95961081,35.09294158
408,26-02-2018,18.51587224,89.57767031,36.3759122,18.33867725,69.77454495,35.63889243,18.37464307,64.46540531,35.17421211
409,27-02-2018,18.57159719,89.93140655,36.439831,18.4089665,70.16918708,35.711911,18.4439541,64.94357455,35.25853421
410,28-02-2018,18.63463935,90.25595459,36.50736119,18.48660995,70.53289497,35.7882799,18.5206265,65.39080284,35.34611199
411,01-03-2018,18.70322831,90.54826427,36.57858042,18.56976808,70.86306182,35.86818659,18.60282252,65.80450364,35.43708559
412,02-03-2018,18.77541214,90.80604032,36.6534897,18.65642721,71.15787369,35.95174569,18.6885285,66.1828958,35.53152788
413,03-03-2018,18.84910874,91.02781589,36.73201495,18.74445167,71.41636719,36.03899673,18.77560702,66.52506005,35.6294429
414,04-03-2018,18.92216182,91.21300557,36.81401032,18.83164051,71.63846605,36.12990367,18.86185344,66.83097417,35.73076587
415,05-03-2018,18.99239978,91.36193574,36.89926306,18.91578679,71.82499536,36.22435613,18.94505539,67.10152532,35.83536479
416,06-03-2018,19.05769606,91.4758513,36.9874998,18.9947381,71.97767247,36.32217241,19.02305328,67.33849901,35.94304356
417,07-03-2018,19.11602885,91.55689797,37.07839408,19.06645632,72.09907471,36.42310402,19.09380023,67.54454441,36.0535466
418,08-03-2018,19.16553879,91.60808033,37.17157491,19.12907497,72.19258421,36.52684185,19.15541972,67.72311681,36.16656479
419,09-03-2018,19.20458268,91.63319637,37.26663614,19.18095245,72.26231109,36.63302363,19.20625906,67.87839815,36.28174257
420,10-03-2018,19.23178167,91.63674986,37.36314641,19.22071962,72.31299667,36.7412426,19.24493734,68.01519761,36.39868619
421,11-03-2018,19.24606258,91.62384257,37.46065952,19.24732023,72.34989889,36.85105728,19.27038619,68.13883439,36.51697271
422,12-03-2018,19.24669095,91.60004907,37.55872487,19.26004296,72.37866289,36.96200193,19.2818823,68.25500569,36.6361598
423,13-03-2018,19.23329489,91.57127696,37.65689792,19.25854414,72.40517984,37.07359771,19.27907057,68.36964313,36.75579593
424,14-03-2018,19.2058788,91.54361636,37.75475031,19.24286032,72.43543761,37.18536409,19.26197708,68.48876112,36.87543085
425,15-03-2018,19.16482672,91.52318238,37.85187957,19.21341031,72.4753671,37.29683049,19.23101163,68.61830118,36.99462623
426,16-03-2018,19.11089488,91.51595474,37.94791809,19.17098651,72.5306882,37.40754769,19.18695945,68.76397626,37.11296597
427,17-03-2018,19.04519373,91.52761878,38.04254142,19.1167356,72.60675947,37.5170989,19.13096234,68.93111896,37.23006626
428,18-03-2018,18.96915975,91.56341218,38.13547545,19.05212921,72.70843544,37.62511025,19.06448965,69.12453791,37.34558505
429,19-03-2018,18.88451789,91.62798145,38.22650268,18.97892523,72.83993537,37.73126036,18.9892999,69.34838595,37.45923063
430,20-03-2018,18.79323556,91.72525232,38.31546716,18.89912072,73.00472704,37.83528892,18.90739398,69.60604383,37.57076938
431,21-03-2018,18.69746941,91.85831734,38.40227823,18.81489785,73.20542877,37.93700394,18.82096118,69.90002246,37.6800322
432,22-03-2018,18.59950642,92.0293442,38.48691291,18.72856424,73.44373229,38.0362876,18.73231964,70.23188662,37.78691977
433,23-03-2018,18.50170083,92.23950714,38.56941687,18.64248934,73.72034879,38.13310047,18.64385274,70.60220215,37.89140622
434,24-03-2018,18.40640878,92.48894373,38.649904,18.55903868,74.03497965,38.22748396,18.55794324,71.01050829,37.99354127
435,25-03-2018,18.31592249,92.77673823,38.72855454,18.48050781,74.38631292,38.31956096,18.47690706,71.45531613,38.0934507
436,26-03-2018,18.23240567,93.10093228,38.80561183,18.40905778,74.7720457,38.40953458,18.40292845,71.93413329,38.1913351
437,27-03-2018,18.15783223,93.45856301,38.88137762,18.34665396,75.18893215,38.49768494,18.3379985,72.44351457,38.28746676
438,28-03-2018,18.09392986,93.84572751,38.95620605,18.29501001,75.63285602,38.58436397,18.28385861,72.97913723,38.38218487
439,29-03-2018,18.04213016,94.25767242,39.03049648,18.25553848,76.09892595,38.66998843,18.24195072,73.53589938,38.47588901
440,30-03-2018,18.00352678,94.68890641,39.10468497,18.22930962,76.58159125,38.75503106,18.21337544,74.1080388,38.56903088
441,31-03-2018,17.97884268,95.13333263,39.17923491,18.21701942,77.07477529,38.8400101,18.19885956,74.68926949,38.66210458
442,01-04-2018,17.96840763,95.58439795,39.25462661,18.21896794,77.57202309,38.92547731,18.19873374,75.27293242,38.75563546
443,02-04-2018,17.97214642,96.03525504,39.3313462,18.23504849,78.06665946,39.01200472,18.21292108,75.85215657,38.85016776
444,03-04-2018,17.98957838,96.47893326,39.40987397,18.2647481,78.55195351,39.10017033,18.24093692,76.42002642,38.9462513
445,04-04-2018,18.01982799,96.90851374,39.49067236,18.30715912,79.02128555,39.19054317,18.28189988,76.96975139,39.04442743
446,05-04-2018,18.06164662,97.31730427,39.57417373,18.36100192,79.46831181,39.28366775,18.33455393,77.49483294,39.1452145
447,06-04-2018,18.11344454,97.69900934,39.66076837,18.42465786,79.88712303,39.38004867,18.39730088,77.98922514,39.24909331
448,07-04-2018,18.17333251,98.04789086,39.7507927,18.49621171,80.27239261,39.48013526,18.4682423,78.44748448,39.35649264
449,08-04-2018,18.23917178,98.35891544,39.84451818,18.57350237,80.6195106,39.58430706,18.54522994,78.86490511,39.46777547
450,09-04-2018,18.30863104,98.6278842,39.94214108,18.65418057,80.92470012,39.69286024,18.62592302,79.23763605,39.58322596
451,10-04-2018,18.37924881,98.85154188,40.04377333,18.73577169,81.18511312,39.80599535,18.70785099,79.56277733,39.70303783
452,11-04-2018,18.44849959,99.02766225,40.14943479,18.81574232,81.39890311,39.92380697,18.78847989,79.83845262,39.82730421
453,12-04-2018,18.51386176,99.15510761,40.25904719,18.89156839,81.56527294,40.04627529,18.86528057,80.06385656,39.95600947
454,13-04-2018,18.57288553,99.23386082,40.37242993,18.96080321,81.68449651,40.17326012,18.93579678,80.2392755,40.08902327
455,14-04-2018,18.62325893,99.26502918,40.48929791,19.02114332,81.75791385,40.30449757,18.99771137,80.36608133,40.22609704
456,15-04-2018,18.66287004,99.25081976,40.60926166,19.07049058,81.78789975,40.43959949,19.04890858,80.44669836,40.36686314
457,16-04-2018,18.68986377,99.19448721,40.73182979,19.10700846,81.77780683,40.57805601,19.08753086,80.48454451,40.51083685
458,17-04-2018,18.70269153,99.10025528,40.85641402,19.12917133,81.73188462,40.71924103,19.11202857,80.48394808,40.65742136
459,18-04-2018,18.70015249,98.97321411,40.98233655,19.13580503,81.65517673,40.86242085,19.1212012,80.45004252,40.80591556
460,19-04-2018,18.68142528,98.81919623,41.10884004,19.12611792,81.55339885,41.00676588,19.11422899,80.38864185,40.95552495
461,20-04-2018,18.64608926,98.64463429,41.23509991,19.09972135,81.43280092,41.15136512,19.0906941,80.3061001,41.10537515
462,21-04-2018,18.5941348,98.45640456,41.36023893,19.05663912,81.30001685,41.2952434,19.05059074,80.20915838,41.25452817
463,22-04-2018,18.52596231,98.26166016,41.48334384,18.99730566,81.1619059,41.43738091,18.99432406,80.10478356,41.4020009
464,23-04-2018,18.44237005,98.06765844,41.6034837,18.92255303,81.02538965,41.57673474,18.92269775,80.00000268,41.54678571
465,24-04-2018,18.3445312,97.88158708,41.71972975,18.83358713,80.89728898,41.71226202,18.83689099,79.90173746,41.68787247
466,25-04-2018,18.23396071,97.71039328,41.8311762,18.73195381,80.78416488,41.84294407,18.73842506,79.81664297,41.82427185
467,26-04-2018,18.11247306,97.56062069,41.93696171,18.61949589,80.6921675,41.96781101,18.62912094,79.75095457,41.95503906
468,27-04-2018,17.98213205,97.438258,42.03629094,18.49830233,80.62689686,42.08596639,18.51104887,79.71034701,42.07929772
469,28-04-2018,17.84519404,97.34860315,42.12845562,18.37065097,80.59327885,42.19661096,18.38647149,79.69980902,42.19626303
470,29-04-2018,17.70404634,97.29614652,42.21285477,18.23894652,80.59545953,42.29906523,18.25778202,79.72353647,42.30526381
471,30-04-2018,17.56114249,97.28447591,42.28901336,18.1056555,80.63672,42.39278999,18.12743938,79.78484662,42.40576272
472,01-05-2018,17.41893614,97.31620554,42.35659884,17.97323999,80.71941398,42.47740425,17.99790195,79.88611528,42.49737408
473,02-05-2018,17.27981554,97.39293064,42.41543526,17.84409211,80.84492926,42.55270007,17.87156195,80.02873828,42.57987865
474,03-05-2018,17.14604043,97.51520849,42.46551409,17.72047096,81.0136737,42.61865371,17.75068221,80.21311775,42.65323496
475,04-05-2018,17.01968302,97.68256599,42.50700173,17.60444382,81.22508565,42.67543264,17.63733702,80.43867326,42.71758676
476,05-05-2018,16.90257475,97.89353325,42.54024297,17.49783326,81.47766834,42.72339816,17.53335889,80.70387707,42.77326599
477,06-05-2018,16.79626033,98.14570182,42.56576035,17.40217156,81.76904667,42.76310319,17.44029246,81.00631221,42.82079131
478,07-05-2018,16.70196021,98.4358057,42.58424905,17.31866371,82.09604473,42.79528521,17.35935691,81.3427514,42.86086179
479,08-05-2018,16.62054253,98.75982255,42.59656732,17.24815988,82.45478154,42.82085433,17.29141789,81.70925443,42.89434576
480,09-05-2018,16.55250529,99.11309209,42.60372242,17.19113825,82.84078216,42.84087643,17.23696961,82.10128102,42.92226496
481,10-05-2018,16.49796909,99.49044812,42.60685211,17.14769837,83.24910096,42.85655174,17.1961276,82.51381602,42.94577404
482,11-05-2018,16.45668068,99.88636052,42.60720206,17.11756531,83.67445352,42.86918911,17.16863215,82.94150323,42.96613589
483,12-05-2018,16.428027,100.295083,42.60609951,17.1001044,84.11135359,42.88017656,17.15386235,83.37878425,42.98469314
484,13-05-2018,16.41105934,100.7108027,42.60492356,17.09434589,84.55425118,42.89094851,17.1508602,83.8200386,43.00283636
485,14-05-2018,16.4045267,101.1277873,42.60507282,17.09901895,84.99766827,42.90295056,17.158364,84.25972117,43.02196981
486,15-05-2018,16.40691752,101.5405262,42.60793101,17.1125938,85.43632842,42.91760256,17.17484997,84.69249363,43.04347524
487,16-05-2018,16.41650833,101.943861,42.61483134,17.13333077,85.86527707,42.93626077,17.19858094,85.11334627,43.06867488
488,17-05-2018,16.43141791,102.3331033,42.62702048,17.1593348,86.27998941,42.96018019,17.22766048,85.51770733,43.09879428
489,18-05-2018,16.44966548,102.7041353,42.64562306,17.18861375,86.67646328,42.9904778,17.26009105,85.90153715,43.13492612
490,19-05-2018,16.46923097,103.0534928,42.67160757,17.21913887,87.05129503,43.02809796,17.29383432,86.26140493,43.1779959
491,20-05-2018,16.48811585,103.3784264,42.70575466,17.24890555,87.40173655,43.0737807,17.32687202,86.59454668,43.22873039
492,21-05-2018,16.50440261,103.6769416,42.7486287,17.27599273,87.72573268,43.128034,17.35726542,86.89890303,43.28762998
493,22-05-2018,16.51631126,103.9478162,42.80055356,17.29861918,88.02193826,43.19111072,17.3832119,87.17313673,43.35494549
494,23-05-2018,16.52225117,104.1905953,42.86159326,17.31519505,88.28971519,43.26299127,17.40309688,87.41662971,43.43066057
495,24-05-2018,16.52086683,104.4055652,42.93153842,17.32436726,88.52911009,43.34337233,17.41553966,87.62946056,43.51448009
496,25-05-2018,16.51107626,104.5937063,43.00989889,17.32505748,88.74081367,43.43166243,17.41943197,87.81236365,43.60582513
497,26-05-2018,16.49210098,104.7566284,43.09590325,17.31649163,88.92610385,43.5269846,17.4139681,87.96667156,43.70383514
498,27-05-2018,16.46348676,104.8964894,43.18850522,17.29822011,89.08677445,43.62818638,17.39866584,88.09424315,43.80737722
499,28-05-2018,16.42511466,105.0159015,43.28639743,17.27012828,89.22505224,43.73385718,17.37337768,88.19737963,43.91506283
500,29-05-2018,16.377202,105.117827,43.38803224,17.232437,89.34350505,43.84235288,17.3382921,88.2787317,44.02527156
501,30-05-2018,16.3202935,105.205468,43.4916495,17.18569316,89.44494397,43.95182723,17.2939249,88.34120059,44.13618186
502,31-05-2018,16.25524273,105.2821528,43.59531093,17.13075077,89.53232276,44.06026965,17.24110099,88.38783627,44.24580807
503,01-06-2018,16.18318465,105.3512226,43.6969403,17.06874305,89.60863763,44.16554857,17.18092721,88.42173591,44.3520431
504,02-06-2018,16.1055001,105.4159233,43.79436881,17.00104657,89.67683037,44.2654595,17.11475712,88.44594579,44.45270585
505,03-06-2018,16.02377316,105.4793032,43.88538469,16.92923845,89.73969771,44.35777686,17.04414875,88.46336924,44.54559251
506,04-06-2018,15.93974302,105.544122,43.96778592,16.85504798,89.79980958,44.44030817,16.97081675,88.47668365,44.62853032
507,05-06-2018,15.85525153,105.6127722,44.03943481,16.78030414,89.85943845,44.51094964,16.89658025,88.4882685,44.69943278
508,06-06-2018,15.77218812,105.6872158,44.09831325,16.70688058,89.92050163,44.56774155,16.82330818,88.50014648,44.75635487
509,07-06-2018,15.69243377,105.7689373,44.1425772,16.63663974,89.98451808,44.60892217,16.75286345,88.51393903,44.79754679
510,08-06-2018,15.61780557,105.8589155,44.17060899,16.57137764,90.05258047,44.63297877,16.68704785,88.5308374,44.82150506
511,09-06-2018,15.55000365,105.9576122,44.18106611,16.51277117,90.12534309,44.63869437,16.62754922,88.55158951,44.82701935
512,10-06-2018,15.49056189,106.0649803,44.17292507,16.46232918,90.20302542,44.62518888,16.57589232,88.57650261,44.8132139
513,11-06-2018,15.4408039,106.1804888,44.14551904,16.42134902,90.28543085,44.5919535,16.53339504,88.60546121,44.77958219
514,12-06-2018,15.40180549,106.3031648,44.09856822,16.39087956,90.37197943,44.53887714,16.50113098,88.63795912,44.72601388
515,13-06-2018,15.37436475,106.4316494,44.03220176,16.37169185,90.46175316,44.4662642,16.47989954,88.67314418,44.65281294
516,14-06-2018,15.35898047,106.5642663,43.94697051,16.36425822,90.55355198,44.37484267,16.47020447,88.70987372,44.56070639
517,15-06-2018,15.35583953,106.6991006,43.84384983,16.36874029,90.6459582,44.26576238,16.47224111,88.74677873,44.45084296
518,16-06-2018,15.36481358,106.8340842,43.72423225,16.3849863,90.73740692,44.14058279,16.48589302,88.78233394,44.32478156
519,17-06-2018,15.38546492,106.9670854,43.58990962,16.41253762,90.82625987,44.0012506,16.51073774,88.81493164,44.1844693
520,18-06-2018,15.41706144,107.0959989,43.44304496,16.45064429,90.91087989,43.85006727,16.54606149,88.84295611,44.03220948
521,19-06-2018,15.45860011,107.2188338,43.28613432,16.49828898,90.98970353,43.68964688,16.59088241,88.86485627,43.87061994
522,20-06-2018,15.50883811,107.3337959,43.12195929,16.55421861,91.06130887,43.52286526,16.64398141,88.87921385,43.70258243
523,21-06-2018,15.56633077,107.4393615,42.95353111,16.61698264,91.12447652,43.35280125,16.70393977,88.88480462,43.53118415
524,22-06-2018,15.62947501,107.5343407,42.78402731,16.6849768,91.17824136,43.18267137,16.76918223,88.88065061,43.35965246
525,23-06-2018,15.69655708,107.6179272,42.61672249,16.75649091,91.22193329,43.01575921,16.83802429,88.8660614,43.19128437
526,24-06-2018,15.76580291,107.6897329,42.45491448,16.82975941,91.25520552,42.85534133,16.90872221,88.84066306,43.02937223
527,25-06-2018,15.83542982,107.749807,42.30184785,16.90301292,91.27804946,42.70461109,16.97952427,88.80441376,42.87712738
528,26-06-2018,15.90369783,107.7986378,42.16063632,16.97452938,91.29079551,42.56660253,17.04872168,88.75760543,42.73760364
529,27-06-2018,15.96895909,107.837137,42.03418615,17.04268328,91.29409978,42.44411593,17.11469758,88.70085137,42.6136224
530,28-06-2018,16.02970398,107.8666083,41.92512233,17.10599132,91.28891714,42.33964693,17.1759728,88.6350603,42.50770121
531,29-06-2018,16.08460258,107.8886994,41.83571944,17.16315341,91.27646142,42.25532121,17.23124691,88.56139763,42.42198779
532,30-06-2018,16.13254014,107.9053402,41.76783911,17.21308763,91.25815415,42.19283621,17.27943339,88.48123533,42.3582011
533,01-07-2018,16.17264569,107.9186689,41.72287566,17.25495822,91.23556357,42.15341165,17.31968793,88.39609206,42.31758104
534,02-07-2018,16.20431294,107.9309482,41.70171162,17.28819578,91.21033586,42.13775017,17.3514291,88.30756568,42.30084848
535,03-07-2018,16.22721286,107.9444743,41.70468434,17.31250919,91.18412115,42.14600937,17.37435069,88.21726039,42.30817642
536,04-07-2018,16.24129765,107.9614826,41.73156483,17.32788885,91.15849674,42.17778611,17.38842556,88.12671118,42.33917371
537,05-07-2018,16.24679612,107.9840517,41.78154976,17.33460132,91.13489017,42.23211375,17.39390086,88.03730816,42.39288159
538,06-07-2018,16.24420054,108.0140106,41.85326696,17.33317553,91.11450512,42.30747274,17.39128488,87.95022347,42.46778377
539,07-07-2018,16.23424564,108.0528517,41.94479475,17.32438098,91.09825248,42.40181453,17.38132598,87.86634354,42.56182986
540,08-07-2018,16.21788018,108.101652,42.05369489,17.30919887,91.08668944,42.51259852,17.36498427,87.78620915,42.67247204
541,09-07-2018,16.19623237,108.1610067,42.17705866,17.28878678,91.07996878,42.63684143,17.343397,87.70996561,42.79671427
542,10-07-2018,16.17056988,108.2309766,42.31156525,17.26443832,91.07780045,42.77117821,17.31783878,87.63732507,42.93117311
543,11-07-2018,16.14225598,108.3110521,42.45355137,17.23753878,91.07942709,42.91193315,17.28967781,87.56754271,43.07214903
544,12-07-2018,16.11270307,108.4001351,42.59909045,17.20951841,91.08361478,43.05519976,17.26032956,87.49940786,43.21570658
545,13-07-2018,16.08332502,108.4965401,42.74407995,17.18180446,91.08865977,43.19692758,17.23120932,87.4312511,43.35776161
546,14-07-2018,16.05548986,108.5980143,42.88433452,17.15577385,91.09241154,43.33301404,17.20368509,87.3609673,43.49417381
547,15-07-2018,16.03047427,108.7017779,43.01568321,17.13270754,91.09231196,43.45939918,17.17903221,87.28605464,43.6208421
548,16-07-2018,16.00942122,108.8045829,43.13406805,17.11374831,91.08544975,43.57216106,17.15839126,87.20366876,43.73380093
549,17-07-2018,15.99330213,108.9027888,43.23564197,17.099863,91.06862911,43.66760945,17.14273032,87.11069077,43.82931497
550,18-07-2018,15.98288459,108.9924548,43.31686339,17.09181057,91.03845074,43.74237567,17.1328129,87.00380752,43.90396994
551,19-07-2018,15.97870672,109.069444,43.37458534,17.0901167,90.99140325,43.79349624,17.12917246,86.87960194,43.95475733
552,20-07-2018,15.98105895,109.1295388,43.40613657,17.09505598,90.92396224,43.81848824,17.13209424,86.73465104,43.9791509
553,21-07-2018,15.98997359,109.168563,43.40939281,17.10664192,90.8326946,43.81541446,17.141605,86.56562871,43.97517289
554,22-07-2018,16.00522274,109.182507,43.38283605,17.1246253,90.71436469,43.78293652,17.15747092,86.36941046,43.94144819
555,23-07-2018,16.02632437,109.1676535,43.32560024,17.14850077,90.56603957,43.72035468,17.17920378,86.14317697,43.87724508
556,24-07-2018,16.05255652,109.120699,43.23750217,17.17752155,90.38518992,43.62763289,17.20607512,85.88451326,43.7825012
557,25-07-2018,16.08297903,109.0388677,43.11905632,17.21072167,90.16978368,43.50540862,17.23713796,85.59150047,43.65783399
558,26-07-2018,16.11646226,108.9200139,42.97147331,17.24694518,89.91836931,43.35498663,17.27125553,85.26279734,43.50453512
559,27-07-2018,16.15172178,108.7627107,42.79664145,17.28488136,89.63014616,43.17831691,17.30713587,84.89770873,43.3245488
560,28-07-2018,16.18735812,108.5663201,42.59709178,17.32310478,89.30501938,42.97795696,17.34337146,84.49623874,43.12043419
561,29-07-2018,16.2219001,108.3310447,42.37594712,17.36011921,88.94363752,42.7570191,17.37848263,84.05912664,42.89531279
562,30-07-2018,16.25385076,108.0579561,42.13685612,17.39440374,88.54741114,42.51910397,17.41096326,83.58786401,42.65280167
563,31-07-2018,16.28173414,107.7490008,41.88391369,17.42445994,88.11851165,42.26822155,17.4393276,83.08469211,42.3969341
564,01-08-2018,16.30414174,107.4069827,41.62156962,17.44885852,87.6598497,42.00870152,17.46215664,82.55257918,42.13206928
565,02-08-2018,16.31977714,107.0355205,41.35452731,17.46628416,87.1750333,41.74509498,17.47814271,81.99517772,41.86279328
566,03-08-2018,16.32749738,106.6389827,41.08763514,17.475577,86.66830651,41.48206971,17.48613086,81.41676241,41.59381336
567,04-08-2018,16.32635002,106.2224009,40.82577282,17.47576972,86.14446969,41.22430162,17.4851559,80.82215013,41.32984828
568,05-08-2018,16.31560452,105.7913622,40.57373559,17.46611902,85.60878333,40.97636468,17.47447394,80.21660373,41.07551707
569,06-08-2018,16.29477725,105.3518853,40.33611895,17.44613054,85.06685759,40.74262225,17.45358736,79.60572182,40.83522909
570,07-08-2018,16.26364922,104.9102816,40.11720678,17.41557652,84.52453041,40.52712231,17.42226275,78.99531749,40.61307784
571,08-08-2018,16.22227604,104.4730065,39.9208657,17.3745057,83.9877371,40.33349907,17.380541,78.39128876,40.41274138
572,09-08-2018,16.17098985,104.0465031,39.75044816,17.32324506,83.46237484,40.1648836,17.32873945,77.79948433,40.23739157
573,10-08-2018,16.11039322,103.6370437,39.60870681,17.26239362,82.95416574,40.0238256,17.26744596,77.22556799,40.08961463
574,11-08-2018,16.04134507,103.2505736,39.49772247,17.19280819,82.46852183,39.91222829,17.19750517,76.67488533,39.97134498
575,12-08-2018,15.96493926,102.8925598,39.41884746,17.11558178,82.01041586,39.83129818,17.11999725,76.15233637,39.88381395
576,13-08-2018,15.88247634,102.5678511,39.37266582,17.03201524,81.58426122,39.78151103,17.03621004,75.66225751,39.827515
577,14-08-2018,15.7954294,102.2805516,39.35897185,16.94358291,81.1938044,39.76259497,16.94760511,75.20831608,39.80218624
578,15-08-2018,15.70540509,102.0339121,39.37676732,16.85189359,80.84203285,39.77353136,16.85577913,74.79342032,39.80681092
579,16-08-2018,15.61410096,101.8302433,39.42427792,16.75864767,80.53110095,39.81257343,16.76242143,74.4196475,39.83963591
580,17-08-2018,15.52326036,101.670851,39.49898855,16.66559205,80.2622761,39.87728257,16.66926922,74.08819209,39.89820815
581,18-08-2018,15.4346264,101.5559988,39.59769693,16.57447395,80.03590667,39.96458132,16.57806171,73.79933556,39.97942796
582,19-08-2018,15.3498962,101.484896,39.71658429,16.48699517,79.85141262,40.0708221,16.49049457,73.55243883,40.07961842
583,20-08-2018,15.27067687,101.4557139,39.85130165,16.40476805,79.70729938,40.19186999,16.40817611,73.34595763,40.19460898
584,21-08-2018,15.19844455,101.4656294,39.99706974,16.32927449,79.60119469,40.32319782,16.33258633,73.1774806,40.31983161
585,22-08-2018,15.13450764,101.5108946,40.14879025,16.26182921,79.5299076,40.45999118,16.26504021,73.04378911,40.45042709
586,23-08-2018,15.07997534,101.5869314,40.30116579,16.20354834,79.48950808,40.59726112,16.20665625,72.94093757,40.58135911
587,24-08-2018,15.0357324,101.6884482,40.44882573,16.15532417,79.47542537,40.72996162,16.15833109,72.86435188,40.70753327
588,25-08-2018,15.00242072,101.8095766,40.586455,16.11780679,79.48256251,40.85310924,16.12072096,72.80894376,40.8239184
589,26-08-2018,14.98042838,101.9440236,40.70892257,16.09139322,79.50542399,40.96190203,16.0942305,72.76923781,40.9256671
590,27-08-2018,14.96988627,102.0852355,40.81140674,16.07622396,79.53825333,41.05183473,16.07900911,72.73950809,41.00823264
591,28-08-2018,14.97067239,102.2265697,40.88951391,16.07218738,79.57517683,41.11880764,16.07495487,72.71392054,41.06747942
592,29-08-2018,14.98242355,102.3614698,40.93938817,16.07893137,79.61034986,41.15922638,16.08172589,72.68667751,41.0997843
593,30-08-2018,15.004554,102.4836382,40.95780879,16.09588197,79.63810166,41.1700902,16.09875853,72.65216064,41.10212624
594,31-08-2018,15.03628044,102.5872028,40.94227327,16.1222683,79.65307502,41.14906656,16.12529188,72.60506817,41.07216215
595,01-09-2018,15.0766524,102.6668734,40.89106383,16.15715283,79.65035696,41.09455023,16.16039771,72.5405432,41.00828691
596,02-09-2018,15.12458697,102.7180815,40.80329565,16.19946605,79.62559702,41.00570538,16.20301472,72.45428937,40.90967625
597,03-09-2018,15.1789068,102.7371029,40.67894551,16.24804431,79.57511013,40.8824896,16.25198605,72.34267104,40.77631119
598,04-09-2018,15.23838011,102.7211567,40.51886009,16.30166962,79.49596123,40.72565915,16.3060988,72.20279521,40.60898348
599,05-09-2018,15.3017612,102.6684795,40.32474366,16.35911006,79.38602948,40.53675541,16.36412415,72.03257315,40.40928189
600,06-09-2018,15.36783038,102.5783731,40.09912517,16.41915944,79.24405046,40.3180726,16.42485686,71.83076014,40.17955948
601,07-09-2018,15.43543184,102.4512226,39.84530564,16.48067498,79.0696352,40.07260767,16.48715284,71.59697224,39.92288268
602,08-09-2018,15.50350829,102.2884862,39.56728693,16.54261172,78.86326578,39.80399334,16.54996353,71.33167994,39.64296332
603,09-09-2018,15.57113119,102.0926555,39.26968345,16.60405258,78.62626746,39.51641604,16.6123659,71.03617876,39.34407518
604,10-09-2018,15.63752567,101.8671884,38.95761895,16.664233,78.36075851,39.21452059,16.67358728,70.71253784,39.03095704
605,11-09-2018,15.70208927,101.6164156,38.63661085,16.72255954,78.0695789,38.90330379,16.73302406,70.36352796,38.70870456
606,12-09-2018,15.76440384,101.3454226,38.31244468,16.77862162,77.7562001,38.58799972,16.79025369,69.99253112,38.38265344
607,13-09-2018,15.82424037,101.0599125,37.99104176,16.83219619,77.4246184,38.27395911,16.84503965,69.60343414,38.0582568
608,14-09-2018,15.88155652,100.7660505,37.67832316,16.88324517,77.07923478,37.96652607,16.89732915,69.20050942,37.74095958
609,15-09-2018,15.93648684,100.4702963,37.38007334,16.93190566,76.72472471,37.67091472,16.94724379,68.78828605,37.436073
610,16-09-2018,15.98932629,100.1792282,37.10180649,16.97847337,76.36590133,37.392089,16.99506341,68.37141499,37.14865216
611,17-09-2018,16.04050732,99.8993629,36.848639,17.02337984,76.00757606,37.13464837,17.04120362,67.95453194,36.88337953
612,18-09-2018,16.09057154,99.63697726,36.62517099,17.06716412,75.65442016,36.90272208,17.08618803,67.54212188,36.64445728
613,19-09-2018,16.14013678,99.39793576,36.43537976,17.11044004,75.3108313,36.69987467,17.13061588,67.13838879,36.43551092
614,20-09-2018,16.18986079,99.18752858,36.28252775,17.1538601,74.98080861,36.52902488,17.17512628,66.74713432,36.25950659
615,21-09-2018,16.24040281,99.01032481,36.16908716,17.1980772,74.66783971,36.39237982,17.22036039,66.37164862,36.1186839
616,22-09-2018,16.29238426,98.8700445,36.09668306,17.2437057,74.37480273,36.29138606,17.26692278,66.01461642,36.01450601
617,23-09-2018,16.34635008,98.76945324,36.06605633,17.29128305,74.10388596,36.22669869,17.31534327,65.67804073,35.94762796
618,24-09-2018,16.40273208,98.71028188,36.07704733,17.34123344,73.8565273,36.19816916,17.36604083,65.36318641,35.91788412
619,25-09-2018,16.46181552,98.69317372,36.12860058,17.39383472,73.63337511,36.20485193,17.41929067,65.07054498,35.92429493
620,26-09-2018,16.52371032,98.71766054,36.21879045,17.44919005,73.43427138,36.24502999,17.4751959,64.79982162,35.96509272
621,27-09-2018,16.58832799,98.78216801,36.34486712,17.50720506,73.25825772,36.31625838,17.53366473,64.5499446,36.03776598
622,28-09-2018,16.65536516,98.88405059,36.50332162,17.56757182,73.10360384,36.41542468,17.59439432,64.31909692,36.13912097
623,29-09-2018,16.72429463,99.01965468,36.68996852,17.62976009,72.9678577,36.53882502,17.65686196,64.1047691,36.26535905
624,30-09-2018,16.79436423,99.18440861,36.90004414,17.69301655,72.84791592,36.6822536,17.72032398,63.90383169,36.41216798
625,01-10-2018,16.86460409,99.37293687,37.12831786,17.75637221,72.74011232,36.84110368,17.78382298,63.7126254,36.5748248
